Job ID,L,w_f,E1_FRP,E2_FRP,nu12_FRP,G12_FRP,G13_FRP,G23_FRP,rho_FRP,rho_m,C10_m,D1_m,rho_t,E_t,nu_t,t_t,t_FRP,layup,meshSize,prestress,uz_pull,cpus,Radius,Has_Inflection,Is_Tristable
0,98.5130670522201,5.93808113529288,222000.0,7010.0,0.314,4661.0,4661.0,2540.0,1.2e-09,1e-09,30.972,0.0,1.2e-09,1.0,0.3,0.258956359538921,0.029501895119076,"[0, 90, 0]",2.54,7.28949830164424,8.0,1,,,True
1,114.809977525429,15.4399312463174,222000.0,7010.0,0.314,4661.0,4661.0,2540.0,1.2e-09,1e-09,30.972,0.0,1.2e-09,1.0,0.3,0.266733291035968,0.0385231291166713,"[0, 90, 0]",2.54,9.2617528673494,8.0,1,,,True
2,127.253366165754,17.3408719161556,222000.0,7010.0,0.314,4661.0,4661.0,2540.0,1.2e-09,1e-09,30.972,0.0,1.2e-09,1.0,0.3,0.123115756165067,0.0350040378428648,"[0, 90, 0]",2.54,4.98556185649091,8.0,1,92.17554515517875,False,True
3,54.6840545012918,11.4561867596325,222000.0,7010.0,0.314,4661.0,4661.0,2540.0,1.2e-09,1e-09,30.972,0.0,1.2e-09,1.0,0.3,0.0294907592798705,0.0444589538504136,"[0, 90, 0]",2.54,7.74219707739574,8.0,1,490.662325733443,True,False
